{
    "obj_func": 1.6,
    "rms_vio_constr_res": 0.24881571898051788,
    "eq_1": -0.19531993769279532,
    "eq_2": -0.08003647079993403,
    "eq_11": 0.019512054217281083,
    "ineq_5": 0.0,
    "ineq_8": 0.0,
    "ineq_9": 0.0,
    "ineq_13": -0.7717523401601383,
    "ineq_15": 0.0,
    "ineq_30": -0.3975199990497127,
    "ineq_16": -0.7949961528224567,
    "ineq_24": 0.0,
    "ineq_25": 0.0,
    "ineq_26": 0.0,
    "ineq_27": 0.0,
    "ineq_33": -0.14084670447376546,
    "ineq_34": -0.081780447989653,
    "ineq_35": -0.34057340708022754,
    "ineq_36": -0.13785708078368641,
    "ineq_60": 0.0,
    "ineq_62": 0.0,
    "ineq_65": 0.0,
    "ineq_72": 0.0,
    "ineq_81": 0.0,
    "ineq_68": -0.1324424930745639,
    "ineq_31": 0.0,
    "ineq_32": 0.0
}